Workbook

Sheet Student Data
A1: Student_ID | B1: Student_Name | C1: Gender | D1: Age | E1: Grade_Level | F1: Department | G1: City | H1: Attendance_% | I1: Math_Score | J1: Science_Score | K1: English_Score | L1: History_Score | M1: Avg_Score | N1: Grade | O1: Study_Hours/Week | P1: Internet_Access | Q1: Parent_Education | R1: Scholarship | S1: Extracurricular | T1: Pass/Fail
A2: S001 | B2: Aarav Kumar | C2: Male | D2: 16 | E2: 10th | F2: Science | G2: Chennai | H2: 92 | I2: 88 | J2: 85 | K2: 90 | L2: 78 | M2: =AVERAGE(I2:L2) | N2: =IF(M2>=90,"A+",IF(M2>=80,"A",IF(M2>=70,"B",IF(M2>=60,"C","D")))) | O2: 18 | P2: Yes | Q2: Graduate | R2: Yes | S2: Yes | T2: =IF(M2>=50,"Pass","Fail")
A3: S002 | B3: Priya Sharma | C3: Female | D3: 17 | E3: 11th | F3: Commerce | G3: Mumbai | H3: 87 | I3: 72 | J3: 80 | K3: 68 | L3: 85 | M3: =AVERAGE(I3:L3) | N3: =IF(M3>=90,"A+",IF(M3>=80,"A",IF(M3>=70,"B",IF(M3>=60,"C","D")))) | O3: 14 | P3: Yes | Q3: Post-Graduate | R3: No | S3: No | T3: =IF(M3>=50,"Pass","Fail")
A4: S003 | B4: Rohit Mehta | C4: Male | D4: 15 | E4: 9th | F4: Science | G4: Delhi | H4: 75 | I4: 65 | J4: 70 | K4: 60 | L4: 72 | M4: =AVERAGE(I4:L4) | N4: =IF(M4>=90,"A+",IF(M4>=80,"A",IF(M4>=70,"B",IF(M4>=60,"C","D")))) | O4: 10 | P4: No | Q4: High School | R4: No | S4: Yes | T4: =IF(M4>=50,"Pass","Fail")
A5: S004 | B5: Sneha Patel | C5: Female | D5: 16 | E5: 10th | F5: Arts | G5: Ahmedabad | H5: 95 | I5: 55 | J5: 60 | K5: 85 | L5: 90 | M5: =AVERAGE(I5:L5) | N5: =IF(M5>=90,"A+",IF(M5>=80,"A",IF(M5>=70,"B",IF(M5>=60,"C","D")))) | O5: 12 | P5: Yes | Q5: Graduate | R5: Yes | S5: Yes | T5: =IF(M5>=50,"Pass","Fail")
A6: S005 | B6: Vikram Singh | C6: Male | D6: 17 | E6: 11th | F6: Science | G6: Jaipur | H6: 80 | I6: 90 | J6: 88 | K6: 85 | L6: 70 | M6: =AVERAGE(I6:L6) | N6: =IF(M6>=90,"A+",IF(M6>=80,"A",IF(M6>=70,"B",IF(M6>=60,"C","D")))) | O6: 20 | P6: Yes | Q6: Post-Graduate | R6: Yes | S6: No | T6: =IF(M6>=50,"Pass","Fail")
A7: S006 | B7: Ananya Iyer | C7: Female | D7: 18 | E7: 12th | F7: Science | G7: Bangalore | H7: 98 | I7: 95 | J7: 92 | K7: 88 | L7: 96 | M7: =AVERAGE(I7:L7) | N7: =IF(M7>=90,"A+",IF(M7>=80,"A",IF(M7>=70,"B",IF(M7>=60,"C","D")))) | O7: 22 | P7: Yes | Q7: Post-Graduate | R7: Yes | S7: Yes | T7: =IF(M7>=50,"Pass","Fail")
A8: S007 | B8: Karan Nair | C8: Male | D8: 15 | E8: 9th | F8: Arts | G8: Kochi | H8: 60 | I8: 50 | J8: 55 | K8: 70 | L8: 65 | M8: =AVERAGE(I8:L8) | N8: =IF(M8>=90,"A+",IF(M8>=80,"A",IF(M8>=70,"B",IF(M8>=60,"C","D")))) | O8: 8 | P8: No | Q8: High School | R8: No | S8: No | T8: =IF(M8>=50,"Pass","Fail")
A9: S008 | B9: Divya Reddy | C9: Female | D9: 16 | E9: 10th | F9: Commerce | G9: Hyderabad | H9: 88 | I9: 68 | J9: 75 | K9: 72 | L9: 80 | M9: =AVERAGE(I9:L9) | N9: =IF(M9>=90,"A+",IF(M9>=80,"A",IF(M9>=70,"B",IF(M9>=60,"C","D")))) | O9: 13 | P9: Yes | Q9: Graduate | R9: No | S9: Yes | T9: =IF(M9>=50,"Pass","Fail")
A10: S009 | B10: Arjun Joshi | C10: Male | D10: 17 | E10: 11th | F10: Science | G10: Pune | H10: 70 | I10: 78 | J10: 74 | K10: 70 | L10: 65 | M10: =AVERAGE(I10:L10) | N10: =IF(M10>=90,"A+",IF(M10>=80,"A",IF(M10>=70,"B",IF(M10>=60,"C","D")))) | O10: 15 | P10: Yes | Q10: Graduate | R10: No | S10: No | T10: =IF(M10>=50,"Pass","Fail")
A11: S010 | B11: Meera Pillai | C11: Female | D11: 18 | E11: 12th | F11: Commerce | G11: Trivandrum | H11: 93 | I11: 60 | J11: 85 | K11: 78 | L11: 88 | M11: =AVERAGE(I11:L11) | N11: =IF(M11>=90,"A+",IF(M11>=80,"A",IF(M11>=70,"B",IF(M11>=60,"C","D")))) | O11: 16 | P11: Yes | Q11: Post-Graduate | R11: Yes | S11: Yes | T11: =IF(M11>=50,"Pass","Fail")
A12: S011 | B12: Siddharth Roy | C12: Male | D12: 16 | E12: 10th | F12: Science | G12: Kolkata | H12: 82 | I12: 80 | J12: 76 | K12: 74 | L12: 79 | M12: =AVERAGE(I12:L12) | N12: =IF(M12>=90,"A+",IF(M12>=80,"A",IF(M12>=70,"B",IF(M12>=60,"C","D")))) | O12: 17 | P12: Yes | Q12: Graduate | R12: No | S12: Yes | T12: =IF(M12>=50,"Pass","Fail")
A13: S012 | B13: Lakshmi Rao | C13: Female | D13: 15 | E13: 9th | F13: Arts | G13: Chennai | H13: 78 | I13: 55 | J13: 60 | K13: 80 | L13: 75 | M13: =AVERAGE(I13:L13) | N13: =IF(M13>=90,"A+",IF(M13>=80,"A",IF(M13>=70,"B",IF(M13>=60,"C","D")))) | O13: 11 | P13: No | Q13: High School | R13: No | S13: No | T13: =IF(M13>=50,"Pass","Fail")
... A19: S018 | B19: Aditya Pandey | C19: Male | D19: 18 | E19: 12th | F19: Science | G19: Varanasi | H19: 68 | I19: 74 | J19: 70 | K19: 65 | L19: 72 | M19: =AVERAGE(I19:L19) | N19: =IF(M19>=90,"A+",IF(M19>=80,"A",IF(M19>=70,"B",IF(M19>=60,"C","D")))) | O19: 14 | P19: No | Q19: Graduate | R19: No | S19: Yes | T19: =IF(M19>=50,"Pass","Fail")
A20: S019 | B20: Ritu Saxena | C20: Female | D20: 16 | E20: 10th | F20: Arts | G20: Agra | H20: 84 | I20: 58 | J20: 62 | K20: 82 | L20: 80 | M20: =AVERAGE(I20:L20) | N20: =IF(M20>=90,"A+",IF(M20>=80,"A",IF(M20>=70,"B",IF(M20>=60,"C","D")))) | O20: 12 | P20: Yes | Q20: High School | R20: No | S20: Yes | T20: =IF(M20>=50,"Pass","Fail")
A21: S020 | B21: Manish Tiwari | C21: Male | D21: 17 | E21: 11th | F21: Commerce | G21: Bhopal | H21: 77 | I21: 65 | J21: 72 | K21: 60 | L21: 75 | M21: =AVERAGE(I21:L21) | N21: =IF(M21>=90,"A+",IF(M21>=80,"A",IF(M21>=70,"B",IF(M21>=60,"C","D")))) | O21: 13 | P21: No | Q21: Graduate | R21: No | S21: No | T21: =IF(M21>=50,"Pass","Fail")
A22: S021 | B22: Kavya Menon | C22: Female | D22: 18 | E22: 12th | F22: Science | G22: Coimbatore | H22: 96 | I22: 94 | J22: 91 | K22: 89 | L22: 95 | M22: =AVERAGE(I22:L22) | N22: =IF(M22>=90,"A+",IF(M22>=80,"A",IF(M22>=70,"B",IF(M22>=60,"C","D")))) | O22: 23 | P22: Yes | Q22: Post-Graduate | R22: Yes | S22: Yes | T22: =IF(M22>=50,"Pass","Fail")
A23: S022 | B23: Harsh Agarwal | C23: Male | D23: 15 | E23: 9th | F23: Arts | G23: Indore | H23: 58 | I23: 45 | J23: 50 | K23: 68 | L23: 55 | M23: =AVERAGE(I23:L23) | N23: =IF(M23>=90,"A+",IF(M23>=80,"A",IF(M23>=70,"B",IF(M23>=60,"C","D")))) | O23: 6 | P23: No | Q23: High School | R23: No | S23: No | T23: =IF(M23>=50,"Pass","Fail")
A24: S023 | B24: Swati Mishra | C24: Female | D24: 16 | E24: 10th | F24: Science | G24: Nagpur | H24: 81 | I24: 79 | J24: 77 | K24: 75 | L24: 82 | M24: =AVERAGE(I24:L24) | N24: =IF(M24>=90,"A+",IF(M24>=80,"A",IF(M24>=70,"B",IF(M24>=60,"C","D")))) | O24: 16 | P24: Yes | Q24: Graduate | R24: Yes | S24: No | T24: =IF(M24>=50,"Pass","Fail")
A25: S024 | B25: Varun Kapoor | C25: Male | D25: 17 | E25: 11th | F25: Commerce | G25: Chandigarh | H25: 74 | I25: 66 | J25: 71 | K25: 63 | L25: 76 | M25: =AVERAGE(I25:L25) | N25: =IF(M25>=90,"A+",IF(M25>=80,"A",IF(M25>=70,"B",IF(M25>=60,"C","D")))) | O25: 12 | P25: Yes | Q25: Graduate | R25: No | S25: Yes | T25: =IF(M25>=50,"Pass","Fail")
A26: S025 | B26: Deepa Nambiar | C26: Female | D26: 18 | E26: 12th | F26: Arts | G26: Kochi | H26: 89 | I26: 62 | J26: 70 | K26: 92 | L26: 88 | M26: =AVERAGE(I26:L26) | N26: =IF(M26>=90,"A+",IF(M26>=80,"A",IF(M26>=70,"B",IF(M26>=60,"C","D")))) | O26: 15 | P26: Yes | Q26: Post-Graduate | R26: No | S26: Yes | T26: =IF(M26>=50,"Pass","Fail")
A27: S026 | B27: Akash Srivastava | C27: Male | D27: 16 | E27: 10th | F27: Science | G27: Allahabad | H27: 66 | I27: 72 | J27: 68 | K27: 64 | L27: 70 | M27: =AVERAGE(I27:L27) | N27: =IF(M27>=90,"A+",IF(M27>=80,"A",IF(M27>=70,"B",IF(M27>=60,"C","D")))) | O27: 11 | P27: No | Q27: Graduate | R27: No | S27: No | T27: =IF(M27>=50,"Pass","Fail")
A28: S027 | B28: Shruti Kulkarni | C28: Female | D28: 15 | E28: 9th | F28: Commerce | G28: Nashik | H28: 76 | I28: 58 | J28: 65 | K28: 60 | L28: 72 | M28: =AVERAGE(I28:L28) | N28: =IF(M28>=90,"A+",IF(M28>=80,"A",IF(M28>=70,"B",IF(M28>=60,"C","D")))) | O28: 9 | P28: Yes | Q28: High School | R28: No | S28: No | T28: =IF(M28>=50,"Pass","Fail")
A29: S028 | B29: Piyush Bansal | C29: Male | D29: 17 | E29: 11th | F29: Science | G29: Faridabad | H29: 83 | I29: 86 | J29: 84 | K29: 80 | L29: 82 | M29: =AVERAGE(I29:L29) | N29: =IF(M29>=90,"A+",IF(M29>=80,"A",IF(M29>=70,"B",IF(M29>=60,"C","D")))) | O29: 18 | P29: Yes | Q29: Graduate | R29: Yes | S29: Yes | T29: =IF(M29>=50,"Pass","Fail")
A30: S029 | B30: Neha Chaudhary | C30: Female | D30: 18 | E30: 12th | F30: Arts | G30: Meerut | H30: 91 | I30: 55 | J30: 68 | K30: 94 | L30: 90 | M30: =AVERAGE(I30:L30) | N30: =IF(M30>=90,"A+",IF(M30>=80,"A",IF(M30>=70,"B",IF(M30>=60,"C","D")))) | O30: 14 | P30: No | Q30: Post-Graduate | R30: Yes | S30: Yes | T30: =IF(M30>=50,"Pass","Fail")
A31: S030 | B31: Sameer Khan | C31: Male | D31: 16 | E31: 10th | F31: Commerce | G31: Lucknow | H31: 70 | I31: 60 | J31: 68 | K31: 58 | L31: 72 | M31: =AVERAGE(I31:L31) | N31: =IF(M31>=90,"A+",IF(M31>=80,"A",IF(M31>=70,"B",IF(M31>=60,"C","D")))) | O31: 10 | P31: No | Q31: High School | R31: No | S31: No | T31: =IF(M31>=50,"Pass","Fail")
A32: S031 | B32: Anjali Subramaniam | C32: Female | D32: 17 | E32: 11th | F32: Science | G32: Madurai | H32: 88 | I32: 90 | J32: 87 | K32: 85 | L32: 89 | M32: =AVERAGE(I32:L32) | N32: =IF(M32>=90,"A+",IF(M32>=80,"A",IF(M32>=70,"B",IF(M32>=60,"C","D")))) | O32: 20 | P32: Yes | Q32: Post-Graduate | R32: Yes | S32: Yes | T32: =IF(M32>=50,"Pass","Fail")
... A41: S040 | B41: Abhishek Pandey | C41: Male | D41: 18 | E41: 12th | F41: Commerce | G41: Patna | H41: 76 | I41: 64 | J41: 72 | K41: 60 | L41: 78 | M41: =AVERAGE(I41:L41) | N41: =IF(M41>=90,"A+",IF(M41>=80,"A",IF(M41>=70,"B",IF(M41>=60,"C","D")))) | O41: 13 | P41: No | Q41: Graduate | R41: No | S41: Yes | T41: =IF(M41>=50,"Pass","Fail")

Sheet Summary
A1: Education Analysis - Summary
A3: Metric | B3: Value
A4: Total Students | B4: =COUNTA('Student Data'!A2:A41)
A5: Male Students | B5: =COUNTIF('Student Data'!C2:C41,"Male")
A6: Female Students | B6: =COUNTIF('Student Data'!C2:C41,"Female")
A7: Average Score (All) | B7: =AVERAGE('Student Data'!M2:M41)
A8: Highest Score | B8: =MAX('Student Data'!M2:M41)
A9: Lowest Score | B9: =MIN('Student Data'!M2:M41)
A10: Pass Count | B10: =COUNTIF('Student Data'!T2:T41,"Pass")
A11: Fail Count | B11: =COUNTIF('Student Data'!T2:T41,"Fail")
A12: Pass Rate % | B12: =COUNTIF('Student Data'!T2:T41,"Pass")/COUNTA('Student Data'!A2:A41)*100
A13: Students with Scholarship | B13: =COUNTIF('Student Data'!R2:R41,"Yes")
A14: Avg Attendance % | B14: =AVERAGE('Student Data'!H2:H41)
A15: Avg Study Hours/Week | B15: =AVERAGE('Student Data'!O2:O41)
